"desc","case_name","grid_name","FROM_UNIXTIME(a.create_time)","reporter_name","reporter_mobile"
"小区垃圾随意堆放，导致环境很差。","其他工作","金山街道综合网格指挥中心","2022-08-30 17:21:02","刘*豪","173*****776"
"小区垃圾随意堆放，导致环境很差。","其他工作","金山街道综合网格指挥中心","2022-08-30 17:21:10","刘*豪","173*****776"
"深入开展餐饮场所安全隐患治理
一、具体内容：
9月-12月对辖区内使用燃气餐饮场所进行安全生产隐患排查整治，压实餐饮单位安全生产主体责任，从源头上防范化解重大安全风险。
二、具体要求：
1.各一级网格长（社区书记）做好监督、管理工作职责。发动二级网格做好使用燃气餐饮场所安全隐患排查整治工作，排查内容如下：
（1）餐饮单位是否落实安全生产责任制；
（2）是否配备专职或者兼职的安全生产管理人员；
（3）是否落实安全生产教育、培训；
（4）是否配备灭火器，灭火器是否过期；
（5）场所内是否按规定设置安全警示标志（如配电箱）；
（6）是否安装可燃气体报警装置并保障其正常使用；
（7）疏散通道是否被杂物堵塞/通道过窄；
（8）是否存在私拉乱接电线现象；
（9）油烟管道是否及时清洗。
2.每月20日前，二级网格将本月餐饮场所安全隐患排查整治情况报给各社区负责安全的工作人员，由安全员汇总上报至街道安办，抄送综合组。
3.执法组做好使用燃气餐饮场所安全抽查工作。","消防安全","中天社区","2022-08-31 18:29:21",NULL,NULL
"小区门口有居民乱丢垃圾","小区管理","领秀苑","2022-08-31 19:03:57",NULL,NULL
"垃圾待清理","小区管理","金爵苑","2022-08-31 19:05:02",NULL,NULL
"横幅掉落","其他工作","金爵苑","2022-08-31 19:08:43",NULL,NULL
"居民在小区门口乱丢垃圾","其他工作","金山街道综合网格指挥中心","2022-08-31 19:18:28","吴*士","159*****280"
"路面垃圾未清理","街面秩序","金山街道综合网格指挥中心","2022-08-31 19:36:31","吴歌",15880004483
"居民存在误时投放现象。","小区管理","领秀苑","2022-09-01 15:02:40",NULL,NULL
"居民存在误时投放现象","街面秩序","金山街道综合网格指挥中心","2022-09-01 15:07:27","吴*士","159*****280"
"居民存在误时投放","小区管理","领秀苑","2022-09-01 15:14:52",NULL,NULL
"共享单车乱停放","街面秩序","俊仕苑","2022-09-01 15:16:43",NULL,NULL
"天骄苑垃圾屋有垃圾","小区管理","金山街道综合网格指挥中心","2022-09-01 15:55:44","郑",15705998870
"天骄苑垃圾屋有垃圾","小区管理","金山街道综合网格指挥中心","2022-09-01 15:56:26","程",15705998870
"店面垃圾待处理","小区管理","金爵苑","2022-09-01 18:12:03",NULL,NULL
"误时投放垃圾","小区管理","天骄苑","2022-09-01 21:12:10",NULL,NULL
"店面垃圾待处理","小区管理","金爵苑","2022-09-02 07:33:30",NULL,NULL
"居民乱丢垃圾","小区管理","领秀苑","2022-09-02 09:12:33",NULL,NULL
"居民乱丢垃圾","小区管理","金山街道综合网格指挥中心","2022-09-02 09:18:26","吴*士","159*****280"
"天骄苑垃圾屋","小区管理","金山街道综合网格指挥中心","2022-09-02 10:17:43","丁",15705998870
"共享单车过多","其他工作","爱唯大地幼儿园","2022-09-02 10:38:20",NULL,NULL
"领秀苑靠桔园四路门口有垃圾乱丢，太难看了。","街面秩序","金山街道综合网格指挥中心","2022-09-02 14:25:34","文*士","158*****519"
"领秀苑南门，有杂物乱堆放。","街面秩序","金山街道综合网格指挥中心","2022-09-02 14:28:07","文*士","158*****519"
"小区路面垃圾遗漏。","小区管理","俊仕苑","2022-09-02 16:48:37",NULL,NULL
"垃圾误时投放","小区管理","天骄苑","2022-09-02 18:41:33",NULL,NULL
"垃圾一堆，实在难看","小区管理","金山街道综合网格指挥中心","2022-09-03 15:25:13","温","158*****519"
"19栋楼边上停车位有垃圾","小区管理","金山街道综合网格指挥中心","2022-09-03 15:26:26","温","158*****519"
"天骄苑2座有垃圾随意乱扔","小区管理","金山街道综合网格指挥中心","2022-09-03 15:27:37","温","158*****519"
"居民存在误时投放垃圾现象。","小区管理","领秀苑","2022-09-05 10:04:22",NULL,NULL
"共享单车过多","其他工作","爱唯大地幼儿园","2022-09-05 10:05:10",NULL,NULL
"垃圾房旁边垃圾未处理。","小区管理","金爵苑","2022-09-05 10:05:37",NULL,NULL
"垃圾误时投放","小区管理","天骄苑","2022-09-05 14:46:36",NULL,NULL
"垃圾误时投放","小区管理","天骄苑","2022-09-05 14:52:58",NULL,NULL
"垃圾及时清理","小区管理","天骄苑","2022-09-05 14:58:12",NULL,NULL
"8号楼对面草丛里有垃圾","小区管理","综合组","2022-09-06 08:46:50","温","158*****519"
"草坪上垃圾待清理。","小区管理","金爵苑","2022-09-06 08:54:21",NULL,NULL
"电动车摆放不到位","其他工作","爱唯大地幼儿园","2022-09-06 09:10:00",NULL,NULL
"天骄苑8号楼附近飞线充电","小区管理","综合组","2022-09-06 09:46:00","丁",15705998870
"天骄苑车位有垃圾","小区管理","综合组","2022-09-06 09:47:10","冯",15705998870
"天骄苑垃圾屋有垃圾","小区管理","综合组","2022-09-06 09:48:18","林","157*****870"
"天骄苑8号楼附近，爱心有了，但是环境没了","小区管理","综合组","2022-09-06 09:49:52","温","158*****519"
"小区居民误时投放垃圾！","小区管理","领秀苑","2022-09-06 10:13:19",NULL,NULL
"天骄苑垃圾屋","小区管理","综合组","2022-09-06 14:26:42","林",15705998870
"小区内垃圾","小区管理","天骄苑","2022-09-06 14:49:26",NULL,NULL
"小区内垃圾","小区管理","天骄苑","2022-09-06 14:51:06",NULL,NULL
"垃圾屋垃圾","小区管理","天骄苑","2022-09-06 14:52:26",NULL,NULL
"居民乱丢垃圾。","小区管理","领秀苑","2022-09-07 10:34:39",NULL,NULL
"电动车摆放不到位","其他工作","爱唯大地幼儿园","2022-09-07 11:02:35",NULL,NULL
"天骄苑有垃圾","小区管理","综合组","2022-09-07 15:11:08","冯","157*****870"
"天骄苑八号楼有垃圾","小区管理","综合组","2022-09-07 15:11:53","郑","157*****870"
"天骄有垃圾","小区管理","综合组","2022-09-07 15:12:31","郑","157*****870"
"天骄苑垃圾屋2有垃圾","小区管理","综合组","2022-09-07 15:13:10","柳","157*****870"
"天骄苑大地出口垃圾屋都垃圾","小区管理","综合组","2022-09-07 15:15:01","温","158*****519"
"垃圾房前垃圾未清理。","小区管理","金爵苑","2022-09-07 16:22:30",NULL,NULL
"垃圾误时投放严重","小区管理","天骄苑","2022-09-07 21:12:44",NULL,NULL
"小区垃圾","小区管理","天骄苑","2022-09-07 21:15:47",NULL,NULL
"小区垃圾","小区管理","天骄苑","2022-09-07 21:17:36",NULL,NULL
"路面垃圾待清理。","小区管理","金爵苑","2022-09-08 07:29:43",NULL,NULL
"门卫未佩戴口罩，未对进入人员测温验码。","疫情防控","监督组","2022-09-08 09:27:28",NULL,NULL
"天骄苑有垃圾","小区管理","综合组","2022-09-08 10:14:36","程","157*****870"
"天骄苑有垃圾","小区管理","综合组","2022-09-08 10:14:58","程","157*****870"
"电动车摆放不到位","其他工作","爱唯大地幼儿园","2022-09-08 10:23:12",NULL,NULL
"居民误时投放垃圾","小区管理","领秀苑","2022-09-08 11:16:08",NULL,NULL
"云顶苑小区3号消防栓水压报警。","消防安全","综合组","2022-09-08 11:31:36","吴*士","159*****280"
"垃圾误时投放","小区管理","天骄苑","2022-09-08 22:34:33",NULL,NULL
"装修垃圾堆放太多，请及时清理。","小区管理","领秀苑","2022-09-09 09:11:47",NULL,NULL
"店面装修垃圾未清理","小区管理","金爵苑","2022-09-09 09:51:43",NULL,NULL
"共享单车摆放不到位","其他工作","爱唯大地幼儿园","2022-09-09 10:30:47",NULL,NULL
"工单：深入开展中秋节期间安全生产检查、宣传工作
一、具体内容：
中秋佳节即将来临，按照区委区政府主要领导关于安全生产和消防工作部署要求，全面排查整治各类安全隐患，强化安全宣传培训，净化辖区安全环境，切实做好节日期间的安全工作。
二、具体要求：
1.各一级网格长（社区书记）对中秋期间安全工作进行传达部署，发动二级网格加大对辖区住宅小区、小区周边营业场所、市场、大型商业综合体、商场、施工工地等重点行业领域“隐患清剿”行动的检查力度，抓好各项防范措施落实。
2.各一级网格长(社区书记)要督促二级、三级网格持续开展高温天气消防安全“敲门提醒”行动，通过辖区LED屏、横幅、发放宣传单等各类方式宣传中秋期间安全防范工作，特别提醒居民禁止燃放烟花爆竹，注意用火、用油、用电、用气安全，真正将消防安全常识牢记于心。
3.执法组做好中秋节期间安全生产和消防安全抽查工作。","消防安全","中天社区","2022-09-09 17:49:10",NULL,NULL
"垃圾房垃圾待清理。","小区管理","金爵苑","2022-09-09 18:31:25",NULL,NULL
"上报，试下转任务并对我派发","其他工作","中天社区","2022-09-10 17:28:12",NULL,NULL
"天骄苑42楼有垃圾","小区管理","综合组","2022-09-13 09:14:35","程","157*****870"
"天骄苑有垃圾","小区管理","综合组","2022-09-13 09:14:50","程",15705998870
"天骄苑有垃圾","小区管理","综合组","2022-09-13 09:15:09","程",15705998870
"天气干旱，再不浇水，楼下的草坪得变成沙漠了","小区管理","综合组","2022-09-13 09:16:38","闻*生","158*****519"
"需要大屏处理分派。多端","小区管理","中天社区","2022-09-13 11:32:29",NULL,NULL
"桔园四路有垃圾。","小区管理","领秀苑","2022-09-13 11:58:01",NULL,NULL
"小区垃圾未清理","小区管理","金爵苑","2022-09-13 12:04:08",NULL,NULL
"天骄苑2号垃圾屋有垃圾，麻烦尽快处理","小区管理","综合组","2022-09-13 15:22:59","魏",15705998870
"天骄垃圾屋有垃圾","小区管理","综合组","2022-09-13 15:23:33","周","157*****870"
"共享单车摆放不到位","其他工作","爱唯大地幼儿园","2022-09-13 15:48:57",NULL,NULL
"垃圾房垃圾未定点投放","小区管理","金爵苑","2022-09-14 10:04:45",NULL,NULL
"居民乱丢垃圾，未及时清理。","小区管理","领秀苑","2022-09-14 11:15:39",NULL,NULL
"小区垃圾","小区管理","天骄苑","2022-09-14 13:45:37",NULL,NULL
"垃圾误时投放","小区管理","天骄苑","2022-09-14 13:46:50",NULL,NULL
"垃圾误时投放","小区管理","天骄苑","2022-09-14 13:47:57",NULL,NULL
"居民乱丢垃圾。","小区管理","综合组","2022-09-14 15:09:24","吴女士",15959148280
"领秀苑小区3号楼101单元租房做托管，为了方便进出把车库大通到外面的店面，学生放学进出存在安全隐患。","疫情防控","领秀苑","2022-09-14 15:27:05",NULL,NULL
"共享单车摆放不到位","其他工作","爱唯大地幼儿园","2022-09-14 19:15:53",NULL,NULL
"共享单车摆放不到位","其他工作","爱唯大地幼儿园","2022-09-15 09:01:14",NULL,NULL
"绿化带里有垃圾","小区管理","领秀苑","2022-09-15 09:15:33",NULL,NULL
"领秀苑绿化带里有垃圾","小区管理","综合组","2022-09-15 09:17:39","吴*士","159*****280"
"共享单车不在停放点乱停车","街面秩序","俊仕苑","2022-09-15 09:28:57",NULL,NULL
"店面前垃圾未清理","小区管理","金爵苑","2022-09-15 10:11:41",NULL,NULL
"小区垃圾","小区管理","天骄苑","2022-09-15 21:31:50",NULL,NULL
"紧急通知：今日厦门新增确诊病例，社会面存在潜在风险。

  请9月8日以来厦门思明区（返）榕人员，务请在抵榕就近进行一次核酸检测，且完成三天两检，配合属地落实健康管理措施。第一时间主动向所在社区（村）、单位、酒店报备，并按我市相关防控要求落实健康管理措施。近期我市市民如无必要，请勿前往风险区域。中天社区疫情报备电话：0591-83845734","疫情防控","天骄苑","2022-09-15 21:43:20",NULL,NULL
"紧急通知：今日厦门新增确诊病例，社会面存在潜在风险。

  请9月8日以来厦门思明区（返）榕人员，务请在抵榕就近进行一次核酸检测，且完成三天两检，配合属地落实健康管理措施。第一时间主动向所在社区（村）、单位、酒店报备，并按我市相关防控要求落实健康管理措施。近期我市市民如无必要，请勿前往风险区域。中天社区疫情报备电话：0591-83845734","疫情防控","领秀苑","2022-09-15 21:43:21",NULL,NULL
"紧急通知：今日厦门新增确诊病例，社会面存在潜在风险。

  请9月8日以来厦门思明区（返）榕人员，务请在抵榕就近进行一次核酸检测，且完成三天两检，配合属地落实健康管理措施。第一时间主动向所在社区（村）、单位、酒店报备，并按我市相关防控要求落实健康管理措施。近期我市市民如无必要，请勿前往风险区域。中天社区疫情报备电话：0591-83845734","疫情防控","俊仕苑","2022-09-15 21:43:21",NULL,NULL
"紧急通知：今日厦门新增确诊病例，社会面存在潜在风险。

  请9月8日以来厦门思明区（返）榕人员，务请在抵榕就近进行一次核酸检测，且完成三天两检，配合属地落实健康管理措施。第一时间主动向所在社区（村）、单位、酒店报备，并按我市相关防控要求落实健康管理措施。近期我市市民如无必要，请勿前往风险区域。中天社区疫情报备电话：0591-83845734","疫情防控","云顶苑","2022-09-15 21:43:21",NULL,NULL
"紧急通知：今日厦门新增确诊病例，社会面存在潜在风险。

  请9月8日以来厦门思明区（返）榕人员，务请在抵榕就近进行一次核酸检测，且完成三天两检，配合属地落实健康管理措施。第一时间主动向所在社区（村）、单位、酒店报备，并按我市相关防控要求落实健康管理措施。近期我市市民如无必要，请勿前往风险区域。中天社区疫情报备电话：0591-83845734","疫情防控","金爵苑","2022-09-15 21:43:21",NULL,NULL
"紧急通知：今日厦门新增确诊病例，社会面存在潜在风险。

  请9月8日以来厦门思明区（返）榕人员，务请在抵榕就近进行一次核酸检测，且完成三天两检，配合属地落实健康管理措施。第一时间主动向所在社区（村）、单位、酒店报备，并按我市相关防控要求落实健康管理措施。近期我市市民如无必要，请勿前往风险区域。中天社区疫情报备电话：0591-83845734","疫情防控","爱唯大地幼儿园","2022-09-15 21:43:21",NULL,NULL
"共享单车摆放不到位","其他工作","爱唯大地幼儿园","2022-09-16 09:03:48",NULL,NULL
"居民乱投垃圾","小区管理","领秀苑","2022-09-16 09:16:36",NULL,NULL
"天骄苑25栋有垃圾","小区管理","中天社区","2022-09-16 09:17:03",NULL,NULL
"天骄苑25栋有垃圾","小区管理","综合组","2022-09-16 09:18:05","周","157*****870"
"居民乱投放垃圾","小区管理","综合组","2022-09-16 09:18:31","吴*士","159*****280"
"垃圾未清理。","小区管理","金爵苑","2022-09-16 10:01:39",NULL,NULL
"电动车占用楼道出入口","小区管理","云顶苑","2022-09-16 10:28:07",NULL,NULL
"非机动车乱停放","小区管理","云顶苑","2022-09-16 10:30:22",NULL,NULL
"9月16日，上报4号楼非机动车堵塞通道","消防安全","云顶苑4栋高层","2022-09-16 10:45:34",NULL,NULL
"9月16日，上报4号楼非机动车乱停放堵塞通道","消防安全","云顶苑","2022-09-16 10:55:27",NULL,NULL
"领秀苑西面消防通道上，堆放不该有的物品。","消防安全","领秀苑","2022-09-16 11:03:17",NULL,NULL
"天骄苑垃圾屋有垃圾","小区管理","综合组","2022-09-16 14:48:37","程","157*****870"
"垃圾屋有垃圾","小区管理","中天社区","2022-09-16 14:49:27",NULL,NULL
"38号楼东梯负一楼电梯上行摁钮失灵。","小区管理","综合组","2022-09-16 14:56:30","温","158*****519"
"俊仕苑小区路面垃圾乱丢","小区管理","俊仕苑","2022-09-16 14:57:06",NULL,NULL
"小区垃圾","小区管理","天骄苑","2022-09-16 15:06:01",NULL,NULL
"沿街垃圾待清理。","其他工作","金爵苑","2022-09-19 09:03:14",NULL,NULL
"天骄苑38座东梯一楼大厅有杂物，请派人处理。","小区管理","天骄苑38栋高层","2022-09-19 09:20:50",NULL,NULL
"天骄苑垃圾屋垃圾","小区管理","中天社区","2022-09-19 09:24:05",NULL,NULL
"店面居民乱丢垃圾","小区管理","领秀苑","2022-09-19 09:29:01",NULL,NULL
"共享单车过多","其他工作","爱唯大地幼儿园","2022-09-19 11:50:13",NULL,NULL
"天骄苑有垃圾","小区管理","综合组","2022-09-19 15:04:50","林","157*****870"
"天骄苑有垃圾","小区管理","综合组","2022-09-19 15:06:20","林","157*****870"
"俊仕苑小区门口店面垃圾乱堆放","小区管理","俊仕苑","2022-09-19 15:10:41",NULL,NULL
"垃圾要及时清理","小区管理","天骄苑","2022-09-19 16:39:31",NULL,NULL
"居民乱丢垃圾","小区管理","领秀苑","2022-09-20 09:26:37",NULL,NULL
"路面垃圾堆放。","街面秩序","金爵苑","2022-09-20 09:37:24",NULL,NULL
"天骄有垃圾","小区管理","综合组","2022-09-20 11:22:04","林",15705998870
"天骄有垃圾","小区管理","综合组","2022-09-20 11:22:35","林",15705998870
"店面居民乱丢垃圾。","小区管理","综合组","2022-09-20 11:24:48","吴*士","159*****280"
"小区垃圾","小区管理","天骄苑","2022-09-20 13:08:01",NULL,NULL
"电动车摆放不整齐","其他工作","爱唯大地幼儿园","2022-09-20 15:09:37",NULL,NULL
"工单：深入开展重点行业领域安全整治行动
一、具体内容：
党的二十大召开在即，根据任巍常务副区长指示要求，请各社区（村）、相关站办（部门）务必深刻认识当前安全生产工作的极端重要性，吸取近期国内事故教训，强化底线思维，认真组织开展“隐患清剿”、高温天气消防安全“敲门提醒”、厂房仓库消防安全整治、道路交通安全百日攻坚大会战等专项行动，确保党的二十大召开期间不发生生产安全事故，不冒烟，不着火。
二、具体要求：
1.各一级网格长（社区书记）聚焦辖区危化、燃气、消防、道路交通、自建房整治等重点行业领域，动员二、三级网格“拉网式”全面排查整治安全隐患，发现问题立整立改，坚决遏制各类安全事故发生。
2.各二级网格发挥“网格化”优势，深入各行业领域企业，督促企业落实安全生产标准化建设，并做好安全宣传，增强企业安全管理和事故防范能力。
3.执法组做好重点行业领域安全抽查工作。","消防安全","中天社区","2022-09-20 16:01:30",NULL,NULL
"小区垃圾未清理","小区管理","金爵苑","2022-09-21 07:51:49",NULL,NULL
"天骄苑38座东梯天台上有垃圾","小区管理","天骄苑38栋高层","2022-09-21 09:01:44",NULL,NULL
"小区垃圾","小区管理","天骄苑","2022-09-21 09:04:44",NULL,NULL
"天骄苑的菜鸟驿站有垃圾","小区管理","综合组","2022-09-21 09:07:11","林","157*****870"
"天骄苑这里的牌子倒了","小区管理","综合组","2022-09-21 09:07:34","林","157*****870"
"天骄这里垃圾没处理","小区管理","综合组","2022-09-21 09:08:00","林","157*****870"
"共享单车摆放不到位","其他工作","爱唯大地幼儿园","2022-09-21 09:09:13",NULL,NULL
"俊仕苑小区店面门口垃圾乱丢","小区管理","俊仕苑","2022-09-21 09:43:36",NULL,NULL
"领秀苑1.2号楼路灯损坏","小区管理","领秀苑","2022-09-21 10:36:35",NULL,NULL
"领秀苑1,2号楼路灯损坏。","小区管理","综合组","2022-09-21 10:57:21","吴*士","159*****280"
"天骄38栋旁边","小区管理","综合组","2022-09-22 09:01:04","林","157*****870"
"共享单车摆放不到位","其他工作","爱唯大地幼儿园","2022-09-22 09:06:51",NULL,NULL
"小区垃圾","小区管理","天骄苑","2022-09-22 09:10:40",NULL,NULL
"小区建筑垃圾待清理。","小区管理","金爵苑","2022-09-22 09:11:57",NULL,NULL
"居民误时投放垃圾","小区管理","领秀苑","2022-09-22 17:03:32",NULL,NULL
"居民乱堆放垃圾","小区管理","领秀苑","2022-09-23 09:30:58",NULL,NULL
"天骄苑垃圾屋有垃圾","小区管理","综合组","2022-09-23 09:36:19","林",15705998870
"消防通道占道停车","小区管理","俊仕苑","2022-09-23 09:41:47",NULL,NULL
"共享单车过多","其他工作","爱唯大地幼儿园","2022-09-23 10:24:58",NULL,NULL
"天骄苑37栋前面绿化有垃圾","小区管理","天骄苑38栋高层","2022-09-23 15:03:32",NULL,NULL
"天骄苑6座附近有垃圾","小区管理","综合组","2022-09-23 15:12:11","林","157*****870"
"天骄这里有垃圾","小区管理","综合组","2022-09-23 15:12:27","林","157*****870"
"天骄苑有垃圾","小区管理","综合组","2022-09-23 15:12:42","林","157*****870"
"天骄苑有垃圾","小区管理","综合组","2022-09-23 15:12:57","林",15705998870
"路面垃圾待清理","小区管理","金爵苑","2022-09-23 15:47:35",NULL,NULL
"小区垃圾","小区管理","天骄苑","2022-09-23 17:40:13",NULL,NULL
"中天社区中天金海岸值班人员口罩佩戴不规范，未测温查看健康码","疫情防控","监督组","2022-09-26 09:43:36",NULL,NULL
"中天社区中天金海岸值班人员没戴口罩未测温查看健康码","疫情防控","监督组","2022-09-26 09:47:11",NULL,NULL
"俊仕苑消防通道占道停车","街面秩序","俊仕苑","2022-09-26 15:37:22",NULL,NULL
"居民乱投放垃圾","小区管理","领秀苑","2022-09-26 15:45:25",NULL,NULL
"小区垃圾","小区管理","天骄苑","2022-09-26 23:45:03",NULL,NULL
"小区垃圾","小区管理","天骄苑","2022-09-27 15:06:45",NULL,NULL
"绿化带里有垃圾。","小区管理","领秀苑","2022-09-27 15:10:06",NULL,NULL
"这里走垃圾","小区管理","综合组","2022-09-27 15:15:43","林","157*****870"
"俊仕苑垃圾屋误时投放","小区管理","俊仕苑","2022-09-27 15:20:20",NULL,NULL
"垃圾未定时投放。","小区管理","金爵苑","2022-09-27 15:27:02",NULL,NULL
"大地幼儿园门口共享单车随意停放","街面秩序","天骄苑38栋高层","2022-09-28 07:59:17",NULL,NULL
"天骄苑这里有垃圾","小区管理","综合组","2022-09-28 08:55:58","冯","157*****870"
"紧急通知：请辖区居民9月19日以来天津市滨海新区，云南省昆明市，广东省惠州市，安徽阜阳市，陕西咸阳市，宁夏吴忠市（返）榕人员，务请在抵榕就近进行一次核酸检测，且完成三天两检，配合属地落实健康管理措施。第一时间主动向所在社区（村）。•单位、酒店报备
并按我市相关防控要求落实健康管理措施。近期我市市民如
无必要，请勿前往风险区域。中天社区疫情报备电话：
0591-83845734","疫情防控","天骄苑","2022-09-28 09:10:51",NULL,NULL
"紧急通知：请辖区居民9月19日以来天津市滨海新区，云南省昆明市，广东省惠州市，安徽阜阳市，陕西咸阳市，宁夏吴忠市（返）榕人员，务请在抵榕就近进行一次核酸检测，且完成三天两检，配合属地落实健康管理措施。第一时间主动向所在社区（村）。•单位、酒店报备
并按我市相关防控要求落实健康管理措施。近期我市市民如
无必要，请勿前往风险区域。中天社区疫情报备电话：
0591-83845734","疫情防控","领秀苑","2022-09-28 09:10:51",NULL,NULL
"紧急通知：请辖区居民9月19日以来天津市滨海新区，云南省昆明市，广东省惠州市，安徽阜阳市，陕西咸阳市，宁夏吴忠市（返）榕人员，务请在抵榕就近进行一次核酸检测，且完成三天两检，配合属地落实健康管理措施。第一时间主动向所在社区（村）。•单位、酒店报备
并按我市相关防控要求落实健康管理措施。近期我市市民如
无必要，请勿前往风险区域。中天社区疫情报备电话：
0591-83845734","疫情防控","俊仕苑","2022-09-28 09:10:51",NULL,NULL
"紧急通知：请辖区居民9月19日以来天津市滨海新区，云南省昆明市，广东省惠州市，安徽阜阳市，陕西咸阳市，宁夏吴忠市（返）榕人员，务请在抵榕就近进行一次核酸检测，且完成三天两检，配合属地落实健康管理措施。第一时间主动向所在社区（村）。•单位、酒店报备
并按我市相关防控要求落实健康管理措施。近期我市市民如
无必要，请勿前往风险区域。中天社区疫情报备电话：
0591-83845734","疫情防控","云顶苑","2022-09-28 09:10:51",NULL,NULL
"紧急通知：请辖区居民9月19日以来天津市滨海新区，云南省昆明市，广东省惠州市，安徽阜阳市，陕西咸阳市，宁夏吴忠市（返）榕人员，务请在抵榕就近进行一次核酸检测，且完成三天两检，配合属地落实健康管理措施。第一时间主动向所在社区（村）。•单位、酒店报备
并按我市相关防控要求落实健康管理措施。近期我市市民如
无必要，请勿前往风险区域。中天社区疫情报备电话：
0591-83845734","疫情防控","金爵苑","2022-09-28 09:10:52",NULL,NULL
"紧急通知：请辖区居民9月19日以来天津市滨海新区，云南省昆明市，广东省惠州市，安徽阜阳市，陕西咸阳市，宁夏吴忠市（返）榕人员，务请在抵榕就近进行一次核酸检测，且完成三天两检，配合属地落实健康管理措施。第一时间主动向所在社区（村）。•单位、酒店报备
并按我市相关防控要求落实健康管理措施。近期我市市民如
无必要，请勿前往风险区域。中天社区疫情报备电话：
0591-83845734","疫情防控","爱唯大地幼儿园","2022-09-28 09:10:52",NULL,NULL
"杂物堆放","小区管理","天骄苑","2022-09-28 11:47:46",NULL,NULL
"小区植物干枯，需要浇水。","小区管理","领秀苑","2022-09-28 16:14:43",NULL,NULL
"消防通道占道停车","消防安全","俊仕苑","2022-09-29 17:58:16",NULL,NULL
"垃圾误时投放","小区管理","天骄苑","2022-09-29 18:51:37",NULL,NULL
"紧急通知：请辖区居民9月21日以来广东深圳市宝安区，四川省马尔康市，福建厦门思明区，湖北武汉市。9.25江苏省镇江市。9.26山西省太原市（返）榕人员，务请在抵榕就近进行一次核酸检测，且完成三天两检，配合属地落实健康管理措施。第一时间主动向所在社区（村）单位、酒店报备
并按我市相关防控要求落实健康管理措施。近期我市市民如
无必要，请勿前往风险区域。中天社区疫情报备电话：
0591-83845734","疫情防控","天骄苑","2022-09-29 19:30:38",NULL,NULL
"紧急通知：请辖区居民9月21日以来广东深圳市宝安区，四川省马尔康市，福建厦门思明区，湖北武汉市。9.25江苏省镇江市。9.26山西省太原市（返）榕人员，务请在抵榕就近进行一次核酸检测，且完成三天两检，配合属地落实健康管理措施。第一时间主动向所在社区（村）单位、酒店报备
并按我市相关防控要求落实健康管理措施。近期我市市民如
无必要，请勿前往风险区域。中天社区疫情报备电话：
0591-83845734","疫情防控","领秀苑","2022-09-29 19:30:38",NULL,NULL
"紧急通知：请辖区居民9月21日以来广东深圳市宝安区，四川省马尔康市，福建厦门思明区，湖北武汉市。9.25江苏省镇江市。9.26山西省太原市（返）榕人员，务请在抵榕就近进行一次核酸检测，且完成三天两检，配合属地落实健康管理措施。第一时间主动向所在社区（村）单位、酒店报备
并按我市相关防控要求落实健康管理措施。近期我市市民如
无必要，请勿前往风险区域。中天社区疫情报备电话：
0591-83845734","疫情防控","俊仕苑","2022-09-29 19:30:38",NULL,NULL
"紧急通知：请辖区居民9月21日以来广东深圳市宝安区，四川省马尔康市，福建厦门思明区，湖北武汉市。9.25江苏省镇江市。9.26山西省太原市（返）榕人员，务请在抵榕就近进行一次核酸检测，且完成三天两检，配合属地落实健康管理措施。第一时间主动向所在社区（村）单位、酒店报备
并按我市相关防控要求落实健康管理措施。近期我市市民如
无必要，请勿前往风险区域。中天社区疫情报备电话：
0591-83845734","疫情防控","云顶苑","2022-09-29 19:30:38",NULL,NULL
"紧急通知：请辖区居民9月21日以来广东深圳市宝安区，四川省马尔康市，福建厦门思明区，湖北武汉市。9.25江苏省镇江市。9.26山西省太原市（返）榕人员，务请在抵榕就近进行一次核酸检测，且完成三天两检，配合属地落实健康管理措施。第一时间主动向所在社区（村）单位、酒店报备
并按我市相关防控要求落实健康管理措施。近期我市市民如
无必要，请勿前往风险区域。中天社区疫情报备电话：
0591-83845734","疫情防控","金爵苑","2022-09-29 19:30:38",NULL,NULL
"紧急通知：请辖区居民9月21日以来广东深圳市宝安区，四川省马尔康市，福建厦门思明区，湖北武汉市。9.25江苏省镇江市。9.26山西省太原市（返）榕人员，务请在抵榕就近进行一次核酸检测，且完成三天两检，配合属地落实健康管理措施。第一时间主动向所在社区（村）单位、酒店报备
并按我市相关防控要求落实健康管理措施。近期我市市民如
无必要，请勿前往风险区域。中天社区疫情报备电话：
0591-83845734","疫情防控","爱唯大地幼儿园","2022-09-29 19:30:39",NULL,NULL
"紧急通知：西藏、新疆、四川省成都市等省外入（返）榕的人员：7天内有上述地区旅居史的入（返）榕人员，务请在抵榕时就近进行1次核酸检测，并配合属地落实健康管理措施。
贵州省毕节市织金县入（返）榕的人员：对9月2日（含）起有贵州省毕节市织金县低风险区旅居史的入（返）榕人员参照中风险区入（返）榕人员执行，超过7天的进行1次核酸检测，结果阴性方可解除健康管理。
云南省昆明市入（返）榕的人员：对9月13日（含）起有云南省昆明市西山区、安宁市低风险区旅居史的入（返）榕人员参照中风险区入（返）榕人员执行；对有昆明市其他地区旅居史的入（返）榕人员实行3天2检（含落地检）；超过7天的进行1次核酸检测，结果阴性方可解除健康管理。
中天社区疫情报备电话：
0591-83845734","疫情防控","天骄苑","2022-09-29 19:32:41",NULL,NULL
"紧急通知：西藏、新疆、四川省成都市等省外入（返）榕的人员：7天内有上述地区旅居史的入（返）榕人员，务请在抵榕时就近进行1次核酸检测，并配合属地落实健康管理措施。
贵州省毕节市织金县入（返）榕的人员：对9月2日（含）起有贵州省毕节市织金县低风险区旅居史的入（返）榕人员参照中风险区入（返）榕人员执行，超过7天的进行1次核酸检测，结果阴性方可解除健康管理。
云南省昆明市入（返）榕的人员：对9月13日（含）起有云南省昆明市西山区、安宁市低风险区旅居史的入（返）榕人员参照中风险区入（返）榕人员执行；对有昆明市其他地区旅居史的入（返）榕人员实行3天2检（含落地检）；超过7天的进行1次核酸检测，结果阴性方可解除健康管理。
中天社区疫情报备电话：
0591-83845734","疫情防控","领秀苑","2022-09-29 19:32:41",NULL,NULL
"紧急通知：西藏、新疆、四川省成都市等省外入（返）榕的人员：7天内有上述地区旅居史的入（返）榕人员，务请在抵榕时就近进行1次核酸检测，并配合属地落实健康管理措施。
贵州省毕节市织金县入（返）榕的人员：对9月2日（含）起有贵州省毕节市织金县低风险区旅居史的入（返）榕人员参照中风险区入（返）榕人员执行，超过7天的进行1次核酸检测，结果阴性方可解除健康管理。
云南省昆明市入（返）榕的人员：对9月13日（含）起有云南省昆明市西山区、安宁市低风险区旅居史的入（返）榕人员参照中风险区入（返）榕人员执行；对有昆明市其他地区旅居史的入（返）榕人员实行3天2检（含落地检）；超过7天的进行1次核酸检测，结果阴性方可解除健康管理。
中天社区疫情报备电话：
0591-83845734","疫情防控","俊仕苑","2022-09-29 19:32:41",NULL,NULL
"紧急通知：西藏、新疆、四川省成都市等省外入（返）榕的人员：7天内有上述地区旅居史的入（返）榕人员，务请在抵榕时就近进行1次核酸检测，并配合属地落实健康管理措施。
贵州省毕节市织金县入（返）榕的人员：对9月2日（含）起有贵州省毕节市织金县低风险区旅居史的入（返）榕人员参照中风险区入（返）榕人员执行，超过7天的进行1次核酸检测，结果阴性方可解除健康管理。
云南省昆明市入（返）榕的人员：对9月13日（含）起有云南省昆明市西山区、安宁市低风险区旅居史的入（返）榕人员参照中风险区入（返）榕人员执行；对有昆明市其他地区旅居史的入（返）榕人员实行3天2检（含落地检）；超过7天的进行1次核酸检测，结果阴性方可解除健康管理。
中天社区疫情报备电话：
0591-83845734","疫情防控","云顶苑","2022-09-29 19:32:41",NULL,NULL
"紧急通知：西藏、新疆、四川省成都市等省外入（返）榕的人员：7天内有上述地区旅居史的入（返）榕人员，务请在抵榕时就近进行1次核酸检测，并配合属地落实健康管理措施。
贵州省毕节市织金县入（返）榕的人员：对9月2日（含）起有贵州省毕节市织金县低风险区旅居史的入（返）榕人员参照中风险区入（返）榕人员执行，超过7天的进行1次核酸检测，结果阴性方可解除健康管理。
云南省昆明市入（返）榕的人员：对9月13日（含）起有云南省昆明市西山区、安宁市低风险区旅居史的入（返）榕人员参照中风险区入（返）榕人员执行；对有昆明市其他地区旅居史的入（返）榕人员实行3天2检（含落地检）；超过7天的进行1次核酸检测，结果阴性方可解除健康管理。
中天社区疫情报备电话：
0591-83845734","疫情防控","金爵苑","2022-09-29 19:32:42",NULL,NULL
"紧急通知：西藏、新疆、四川省成都市等省外入（返）榕的人员：7天内有上述地区旅居史的入（返）榕人员，务请在抵榕时就近进行1次核酸检测，并配合属地落实健康管理措施。
贵州省毕节市织金县入（返）榕的人员：对9月2日（含）起有贵州省毕节市织金县低风险区旅居史的入（返）榕人员参照中风险区入（返）榕人员执行，超过7天的进行1次核酸检测，结果阴性方可解除健康管理。
云南省昆明市入（返）榕的人员：对9月13日（含）起有云南省昆明市西山区、安宁市低风险区旅居史的入（返）榕人员参照中风险区入（返）榕人员执行；对有昆明市其他地区旅居史的入（返）榕人员实行3天2检（含落地检）；超过7天的进行1次核酸检测，结果阴性方可解除健康管理。
中天社区疫情报备电话：
0591-83845734","疫情防控","爱唯大地幼儿园","2022-09-29 19:32:42",NULL,NULL
"请二级网格长做好网格范围内定期巡查工作和工作落实，及时部署工作，及时发现问题，督促各主体做好问题整改。","其他工作","天骄苑","2022-09-29 22:23:01",NULL,NULL
"请二级网格长做好网格范围内定期巡查工作和工作落实，及时部署工作，及时发现问题，督促各主体做好问题整改。","其他工作","领秀苑","2022-09-29 22:23:01",NULL,NULL
"请二级网格长做好网格范围内定期巡查工作和工作落实，及时部署工作，及时发现问题，督促各主体做好问题整改。","其他工作","俊仕苑","2022-09-29 22:23:01",NULL,NULL
"请二级网格长做好网格范围内定期巡查工作和工作落实，及时部署工作，及时发现问题，督促各主体做好问题整改。","其他工作","云顶苑","2022-09-29 22:23:01",NULL,NULL
"请二级网格长做好网格范围内定期巡查工作和工作落实，及时部署工作，及时发现问题，督促各主体做好问题整改。","其他工作","金爵苑","2022-09-29 22:23:02",NULL,NULL
"请二级网格长做好网格范围内定期巡查工作和工作落实，及时部署工作，及时发现问题，督促各主体做好问题整改。","其他工作","爱唯大地幼儿园","2022-09-29 22:23:23",NULL,NULL
"【以此份文件为准】请一级网格长、二级网格长根据各自职责分工做好工作部署和落实，及时在网格范围内定期组织开展巡查工作，发现问题，督促各主体做好问题整改。","其他工作","天骄苑","2022-09-30 09:03:58",NULL,NULL
"【以此份文件为准】请一级网格长、二级网格长根据各自职责分工做好工作部署和落实，及时在网格范围内定期组织开展巡查工作，发现问题，督促各主体做好问题整改。","其他工作","领秀苑","2022-09-30 09:03:59",NULL,NULL
"【以此份文件为准】请一级网格长、二级网格长根据各自职责分工做好工作部署和落实，及时在网格范围内定期组织开展巡查工作，发现问题，督促各主体做好问题整改。","其他工作","俊仕苑","2022-09-30 09:03:59",NULL,NULL
"【以此份文件为准】请一级网格长、二级网格长根据各自职责分工做好工作部署和落实，及时在网格范围内定期组织开展巡查工作，发现问题，督促各主体做好问题整改。","其他工作","云顶苑","2022-09-30 09:03:59",NULL,NULL
"【以此份文件为准】请一级网格长、二级网格长根据各自职责分工做好工作部署和落实，及时在网格范围内定期组织开展巡查工作，发现问题，督促各主体做好问题整改。","其他工作","金爵苑","2022-09-30 09:03:59",NULL,NULL
"【以此份文件为准】请一级网格长、二级网格长根据各自职责分工做好工作部署和落实，及时在网格范围内定期组织开展巡查工作，发现问题，督促各主体做好问题整改。","其他工作","爱唯大地幼儿园","2022-09-30 09:04:22",NULL,NULL
"【以此份文件为准】请一级网格长、二级网格长根据各自职责分工做好工作部署和落实，及时在网格范围内定期组织开展巡查工作，发现问题，督促各主体做好问题整改。","其他工作","中天社区","2022-09-30 09:04:22",NULL,NULL
"店面垃圾待清理。","小区管理","金爵苑","2022-09-30 09:44:47",NULL,NULL
"天骄苑垃圾屋有垃圾","小区管理","综合组","2022-09-30 15:18:08","冯","157*****870"
"垃圾屋误时投放","小区管理","俊仕苑","2022-09-30 15:53:49",NULL,NULL
"绿化带破损，垃圾较多，请及时处理。","小区管理","领秀苑","2022-09-30 16:20:01",NULL,NULL
"小区垃圾","小区管理","天骄苑","2022-09-30 21:21:49",NULL,NULL
11111111,"其他工作","爱唯大地幼儿园","2022-10-08 09:29:12","陈","150*****939"
"天骄苑垃圾屋误时投放和25座门口有垃圾","小区管理","天骄苑","2022-10-08 15:25:18","林","157*****870"
"共享单车过多","其他工作","爱唯大地幼儿园","2022-10-08 15:35:15",NULL,NULL
"路面垃圾未清理","小区管理","金爵苑","2022-10-08 15:53:46",NULL,NULL
"共享单车过多","其他工作","爱唯大地幼儿园","2022-10-09 10:52:47",NULL,NULL
"地砖破损","小区管理","天骄苑","2022-10-09 11:08:13",NULL,NULL
"路面垃圾未清理。","小区管理","金爵苑","2022-10-09 17:18:57",NULL,NULL
"居民乱丢垃圾","小区管理","领秀苑","2022-10-09 17:23:01",NULL,NULL
"各社区，请严格落实以下防控措施：
1、强化社区防控，各小区门岗务必落实外来人员、车辆（车内所有人员）测温、验码、查看行程码、登记信息等防控措施，特别注意风险地区自驾车返榕的业主以及货车司机，一旦发现新疆、内蒙古、西藏、云南昆明、四川成都的风险地区入榕人员务必第一时间报备并落实管控措施。

2、通知辖区所有酒店、宾馆、日租房等重点场所，务必核验所有进入以上场所人员的健康码、行程码，一旦发现新疆、内蒙古、西藏、云南昆明、四川成都等重点地区入榕人员，务必第一时间向属地社区报备！

以上工作各社区网格务必通知落实到位！！","疫情防控","中天社区","2022-10-09 21:42:31",NULL,NULL
"店面垃圾未清理。","小区管理","金爵苑","2022-10-10 09:01:28",NULL,NULL
"店面垃圾未清理","小区管理","金爵苑","2022-10-10 09:28:21",NULL,NULL
"共享单车乱停放","街面秩序","俊仕苑","2022-10-10 11:24:53",NULL,NULL
"小区垃圾","小区管理","天骄苑","2022-10-10 12:03:27",NULL,NULL
"天骄苑垃圾屋有垃圾","小区管理","天骄苑","2022-10-10 12:12:20","林","157*****870"
"紧急通知：鉴于当前甘肃疫情外溢风险持续增加，请辖区居民9 月 30 日(含)以来有甘肃旅居史的入(返)榕人员第一时间主动向所在社区（村）单位、酒店报备并按我市相关防控要求落实健康管理措施。近期我市市民如无必要，请勿前往风险区域。
中天社区疫情报备电话：0591-83845734","疫情防控","天骄苑","2022-10-10 12:48:03",NULL,NULL
"紧急通知：鉴于当前甘肃疫情外溢风险持续增加，请辖区居民9 月 30 日(含)以来有甘肃旅居史的入(返)榕人员第一时间主动向所在社区（村）单位、酒店报备并按我市相关防控要求落实健康管理措施。近期我市市民如无必要，请勿前往风险区域。
中天社区疫情报备电话：0591-83845734","疫情防控","领秀苑","2022-10-10 12:48:03",NULL,NULL
"紧急通知：鉴于当前甘肃疫情外溢风险持续增加，请辖区居民9 月 30 日(含)以来有甘肃旅居史的入(返)榕人员第一时间主动向所在社区（村）单位、酒店报备并按我市相关防控要求落实健康管理措施。近期我市市民如无必要，请勿前往风险区域。
中天社区疫情报备电话：0591-83845734","疫情防控","俊仕苑","2022-10-10 12:48:04",NULL,NULL
"紧急通知：鉴于当前甘肃疫情外溢风险持续增加，请辖区居民9 月 30 日(含)以来有甘肃旅居史的入(返)榕人员第一时间主动向所在社区（村）单位、酒店报备并按我市相关防控要求落实健康管理措施。近期我市市民如无必要，请勿前往风险区域。
中天社区疫情报备电话：0591-83845734","疫情防控","云顶苑","2022-10-10 12:48:04",NULL,NULL
"紧急通知：鉴于当前甘肃疫情外溢风险持续增加，请辖区居民9 月 30 日(含)以来有甘肃旅居史的入(返)榕人员第一时间主动向所在社区（村）单位、酒店报备并按我市相关防控要求落实健康管理措施。近期我市市民如无必要，请勿前往风险区域。
中天社区疫情报备电话：0591-83845734","疫情防控","金爵苑","2022-10-10 12:48:04",NULL,NULL
"紧急通知：鉴于当前甘肃疫情外溢风险持续增加，请辖区居民9 月 30 日(含)以来有甘肃旅居史的入(返)榕人员第一时间主动向所在社区（村）单位、酒店报备并按我市相关防控要求落实健康管理措施。近期我市市民如无必要，请勿前往风险区域。
中天社区疫情报备电话：0591-83845734","疫情防控","爱唯大地幼儿园","2022-10-10 12:48:04",NULL,NULL
"物业非投放时间未撤桶。","小区管理","领秀苑","2022-10-10 12:53:41",NULL,NULL
"再次强调：根据《福建省2022年国庆假期及前后疫情防控若干措施》第六大点关于聚集性活动防控要求，倡导群众从简举办婚丧嫁娶，尽量减少人员聚集，坚持非必要不举办、能线上不线下，从严审批相关聚集性活动。原则上10月31日前不举办大型会议、培训、会展、文艺演出等聚集性活动。确需举办的，按照“谁审批、谁负责”“谁举办、谁负责”原则，制定相关活动疫情防控方案，尽量缩小规模，落实防控措施，参加活动人员需扫码登记、查验48小时核酸检测阴性证明等。
请各网格务必通知辖区内所有酒店、宾馆、物业、商超、培训机构等重点场所单位严格落实以上防控要求。","其他工作","中天社区","2022-10-10 19:08:51",NULL,NULL
"再次强调：根据《福建省2022年国庆假期及前后疫情防控若干措施》第六大点关于聚集性活动防控要求，倡导群众从简举办婚丧嫁娶，尽量减少人员聚集，坚持非必要不举办、能线上不线下，从严审批相关聚集性活动。原则上10月31日前不举办大型会议、培训、会展、文艺演出等聚集性活动。确需举办的，按照“谁审批、谁负责”“谁举办、谁负责”原则，制定相关活动疫情防控方案，尽量缩小规模，落实防控措施，参加活动人员需扫码登记、查验48小时核酸检测阴性证明等。
请各网格务必通知辖区内所有酒店、宾馆、物业、商超、培训机构等重点场所单位严格落实以上防控要求。","其他工作","天骄苑","2022-10-10 22:56:13",NULL,NULL
"再次强调：根据《福建省2022年国庆假期及前后疫情防控若干措施》第六大点关于聚集性活动防控要求，倡导群众从简举办婚丧嫁娶，尽量减少人员聚集，坚持非必要不举办、能线上不线下，从严审批相关聚集性活动。原则上10月31日前不举办大型会议、培训、会展、文艺演出等聚集性活动。确需举办的，按照“谁审批、谁负责”“谁举办、谁负责”原则，制定相关活动疫情防控方案，尽量缩小规模，落实防控措施，参加活动人员需扫码登记、查验48小时核酸检测阴性证明等。
请各网格务必通知辖区内所有酒店、宾馆、物业、商超、培训机构等重点场所单位严格落实以上防控要求。","其他工作","领秀苑","2022-10-10 22:56:13",NULL,NULL
"再次强调：根据《福建省2022年国庆假期及前后疫情防控若干措施》第六大点关于聚集性活动防控要求，倡导群众从简举办婚丧嫁娶，尽量减少人员聚集，坚持非必要不举办、能线上不线下，从严审批相关聚集性活动。原则上10月31日前不举办大型会议、培训、会展、文艺演出等聚集性活动。确需举办的，按照“谁审批、谁负责”“谁举办、谁负责”原则，制定相关活动疫情防控方案，尽量缩小规模，落实防控措施，参加活动人员需扫码登记、查验48小时核酸检测阴性证明等。
请各网格务必通知辖区内所有酒店、宾馆、物业、商超、培训机构等重点场所单位严格落实以上防控要求。","其他工作","俊仕苑","2022-10-10 22:56:13",NULL,NULL
"再次强调：根据《福建省2022年国庆假期及前后疫情防控若干措施》第六大点关于聚集性活动防控要求，倡导群众从简举办婚丧嫁娶，尽量减少人员聚集，坚持非必要不举办、能线上不线下，从严审批相关聚集性活动。原则上10月31日前不举办大型会议、培训、会展、文艺演出等聚集性活动。确需举办的，按照“谁审批、谁负责”“谁举办、谁负责”原则，制定相关活动疫情防控方案，尽量缩小规模，落实防控措施，参加活动人员需扫码登记、查验48小时核酸检测阴性证明等。
请各网格务必通知辖区内所有酒店、宾馆、物业、商超、培训机构等重点场所单位严格落实以上防控要求。","其他工作","云顶苑","2022-10-10 22:56:13",NULL,NULL
"再次强调：根据《福建省2022年国庆假期及前后疫情防控若干措施》第六大点关于聚集性活动防控要求，倡导群众从简举办婚丧嫁娶，尽量减少人员聚集，坚持非必要不举办、能线上不线下，从严审批相关聚集性活动。原则上10月31日前不举办大型会议、培训、会展、文艺演出等聚集性活动。确需举办的，按照“谁审批、谁负责”“谁举办、谁负责”原则，制定相关活动疫情防控方案，尽量缩小规模，落实防控措施，参加活动人员需扫码登记、查验48小时核酸检测阴性证明等。
请各网格务必通知辖区内所有酒店、宾馆、物业、商超、培训机构等重点场所单位严格落实以上防控要求。","其他工作","金爵苑","2022-10-10 22:56:14",NULL,NULL
"再次强调：根据《福建省2022年国庆假期及前后疫情防控若干措施》第六大点关于聚集性活动防控要求，倡导群众从简举办婚丧嫁娶，尽量减少人员聚集，坚持非必要不举办、能线上不线下，从严审批相关聚集性活动。原则上10月31日前不举办大型会议、培训、会展、文艺演出等聚集性活动。确需举办的，按照“谁审批、谁负责”“谁举办、谁负责”原则，制定相关活动疫情防控方案，尽量缩小规模，落实防控措施，参加活动人员需扫码登记、查验48小时核酸检测阴性证明等。
请各网格务必通知辖区内所有酒店、宾馆、物业、商超、培训机构等重点场所单位严格落实以上防控要求。","其他工作","爱唯大地幼儿园","2022-10-10 22:56:39",NULL,NULL
"路面垃圾未清理。","街面秩序","金爵苑","2022-10-11 08:55:17",NULL,NULL
"居民在马路上晾晒菜干，影响市容市貌。","小区管理","领秀苑","2022-10-11 09:38:13",NULL,NULL
"天骄苑38栋架空层经常大白天开灯， 浪费公共资源。希望物业做好巡逻。","小区管理","天骄苑38栋高层","2022-10-11 10:29:17",NULL,NULL
"这里有垃圾堆放","小区管理","天骄苑","2022-10-11 10:35:49","林","157*****870"
"天骄苑42号楼，电梯经常坏，在高峰期影响居民出行，9月25日刚花了一笔费用换的钢缆，10月11日电梯又坏了，希望第三方介入监督","小区管理","天骄苑","2022-10-11 10:36:07","夏*","181*****245"
"小区垃圾","小区管理","天骄苑","2022-10-11 10:42:28",NULL,NULL
"天骄苑垃圾屋误时投放","小区管理","中天社区","2022-10-11 10:50:26",NULL,NULL
"云顶苑小区乱停车","小区管理","云顶苑","2022-10-11 11:04:52",NULL,NULL
"消防通道占道停车","消防安全","俊仕苑","2022-10-11 11:54:57",NULL,NULL
"共享单车过多","其他工作","爱唯大地幼儿园","2022-10-11 15:26:26",NULL,NULL
"贡献单车乱停放","街面秩序","中天社区","2022-10-11 17:29:29",NULL,NULL
"共享单车乱停放","街面秩序","中天社区","2022-10-11 17:31:52",NULL,NULL
"路面垃圾待清理。","街面秩序","金爵苑","2022-10-12 08:28:57",NULL,NULL
"共享单车过多杂乱","其他工作","爱唯大地幼儿园","2022-10-12 09:08:12",NULL,NULL
"垃圾屋垃圾","小区管理","天骄苑","2022-10-12 09:31:07",NULL,NULL
"俊仕苑门口人行道占道经营","街面秩序","俊仕苑","2022-10-12 09:33:41",NULL,NULL
"这里有垃圾堆放","小区管理","中天社区","2022-10-12 09:54:51",NULL,NULL
"共享单车乱停放","街面秩序","俊仕苑","2022-10-12 09:56:18",NULL,NULL
"30栋楼前面有车占道乱停。","小区管理","天骄苑38栋高层","2022-10-12 09:56:20",NULL,NULL
"共享单车乱停放","小区管理","领秀苑","2022-10-12 10:38:27",NULL,NULL
"两车乱停放。","街面秩序","金爵苑","2022-10-12 14:53:20",NULL,NULL
"误时投放","小区管理","中天社区","2022-10-12 15:38:14",NULL,NULL
"楼道乱停车","小区管理","云顶苑","2022-10-12 15:47:45",NULL,NULL
"楼道乱停车","小区管理","云顶苑","2022-10-12 15:47:50",NULL,NULL
"通知：请一级网格牵头，二级网格负责，将《金山街道重点场所疫情防控要求》通知到辖区酒店、宾馆、商超等重点场所，督促其按要求落实防控措施。注意：各社区要填写24小时联系电话，电话须24小时保持畅通。","其他工作","中天社区","2022-10-12 20:20:07",NULL,NULL
"通知：请一级网格牵头，二级网格负责，将《金山街道重点场所疫情防控要求》通知到辖区酒店、宾馆、商超等重点场所，督促其按要求落实防控措施。注意：各社区要填写24小时联系电话，电话须24小时保持畅通。","其他工作","天骄苑","2022-10-12 20:21:19",NULL,NULL
"通知：请一级网格牵头，二级网格负责，将《金山街道重点场所疫情防控要求》通知到辖区酒店、宾馆、商超等重点场所，督促其按要求落实防控措施。注意：各社区要填写24小时联系电话，电话须24小时保持畅通。","其他工作","领秀苑","2022-10-12 20:21:20",NULL,NULL
"通知：请一级网格牵头，二级网格负责，将《金山街道重点场所疫情防控要求》通知到辖区酒店、宾馆、商超等重点场所，督促其按要求落实防控措施。注意：各社区要填写24小时联系电话，电话须24小时保持畅通。","其他工作","俊仕苑","2022-10-12 20:21:20",NULL,NULL
"通知：请一级网格牵头，二级网格负责，将《金山街道重点场所疫情防控要求》通知到辖区酒店、宾馆、商超等重点场所，督促其按要求落实防控措施。注意：各社区要填写24小时联系电话，电话须24小时保持畅通。","其他工作","云顶苑","2022-10-12 20:21:21",NULL,NULL
"通知：请一级网格牵头，二级网格负责，将《金山街道重点场所疫情防控要求》通知到辖区酒店、宾馆、商超等重点场所，督促其按要求落实防控措施。注意：各社区要填写24小时联系电话，电话须24小时保持畅通。","其他工作","金爵苑","2022-10-12 20:21:21",NULL,NULL
"通知：请一级网格牵头，二级网格负责，将《金山街道重点场所疫情防控要求》通知到辖区酒店、宾馆、商超等重点场所，督促其按要求落实防控措施。注意：各社区要填写24小时联系电话，电话须24小时保持畅通。","其他工作","爱唯大地幼儿园","2022-10-12 20:22:05",NULL,NULL
"两车乱停放。","街面秩序","金爵苑","2022-10-13 08:56:13",NULL,NULL
"路面垃圾乱堆放。","街面秩序","金爵苑","2022-10-13 09:12:44",NULL,NULL
"中天社区俊仕苑值班人员没戴口罩没有查看健康码没有测温","疫情防控","监督组","2022-10-13 09:17:32",NULL,NULL
"中天社区天骄苑值班人员不在岗","疫情防控","监督组","2022-10-13 09:21:48",NULL,NULL
"路面上有垃圾","小区管理","领秀苑","2022-10-13 09:43:38",NULL,NULL
"共享单车过多杂乱","其他工作","爱唯大地幼儿园","2022-10-13 10:18:37",NULL,NULL
"38栋东梯电梯垃圾很多。","小区管理","天骄苑38栋高层","2022-10-13 10:27:40",NULL,NULL
"共享单车乱停放","街面秩序","俊仕苑","2022-10-13 11:03:21",NULL,NULL
"消防通道占道停车","消防安全","俊仕苑","2022-10-13 11:04:55",NULL,NULL
"这里有纸皮垃圾","小区管理","中天社区","2022-10-13 11:26:53",NULL,NULL
"小区垃圾","小区管理","天骄苑","2022-10-13 15:02:14",NULL,NULL
"小区垃圾","小区管理","天骄苑","2022-10-13 15:03:16",NULL,NULL
"两车乱停放。","街面秩序","金爵苑","2022-10-14 09:01:02",NULL,NULL
"共享单车摆放不到位","小区管理","领秀苑","2022-10-14 09:05:49",NULL,NULL
"路面占道经营。","街面秩序","金爵苑","2022-10-14 09:39:24",NULL,NULL
"38栋东梯架空层有好几盏灯，不亮。","小区管理","天骄苑38栋高层","2022-10-14 09:43:07",NULL,NULL
"停车不规范","街面秩序","俊仕苑","2022-10-14 09:54:17",NULL,NULL
"消防通道占道停车","消防安全","俊仕苑","2022-10-14 09:55:22",NULL,NULL
"共享单车乱停放","街面秩序","云顶苑","2022-10-14 09:57:00",NULL,NULL
"小区垃圾","小区管理","天骄苑","2022-10-14 10:29:39",NULL,NULL
"小区垃圾","小区管理","天骄苑","2022-10-14 10:30:53",NULL,NULL
"共享单车杂乱","其他工作","爱唯大地幼儿园","2022-10-14 10:31:59",NULL,NULL
"宣传栏内容陈旧","小区管理","俊仕苑","2022-10-14 17:49:29","陈新华",13705931607
"隔离帐篷破损","疫情防控","云顶苑","2022-10-14 17:52:32","陈新华",13705931607
"垃圾乱投放","小区管理","云顶苑","2022-10-15 11:57:23",NULL,NULL
"据省市有关部门预测，受冷空气和“纳沙”共同影响，16日～17日，福州市内陆区（县）陆上风力可达7～9级（高海拔可达10～12级）；16～18日，福州市多云有阵雨，局部乡镇有中到大雨。鉴于当前天气形势和市防指关于提升防台风应急响应为III级的通知，区防指从16日11时起启动防台风Ⅳ级应急响应，请各社区（村）、街道各相关口办严格落实《仓山区防汛防台风应急预案》要求，加强值班值守，密切关注台风动态，做好渔船管控、陆上大风防范等各项防范工作和应急准备工作。","消防安全","中天社区","2022-10-16 12:32:34",NULL,NULL
"共享单车摆放不整齐","其他工作","爱唯大地幼儿园","2022-10-17 09:13:18",NULL,NULL
"共享单车乱停放。","街面秩序","金爵苑","2022-10-17 11:30:11",NULL,NULL
"店面前垃圾未清理。","街面秩序","金爵苑","2022-10-17 11:36:08",NULL,NULL
"共享单车未规范停放","街面秩序","云顶苑","2022-10-17 11:43:48",NULL,NULL
"共享单车摆放不规范","小区管理","领秀苑","2022-10-17 14:54:32",NULL,NULL
"共享单车停车不规范","街面秩序","俊仕苑","2022-10-17 15:04:24",NULL,NULL
"共享单车停车不规范","街面秩序","俊仕苑","2022-10-17 15:05:12",NULL,NULL
"天骄苑北门垃圾乱丢","小区管理","天骄苑38栋高层","2022-10-17 16:59:22",NULL,NULL
"小区垃圾","小区管理","天骄苑","2022-10-17 17:11:02",NULL,NULL
"小区垃圾","小区管理","天骄苑","2022-10-17 17:12:15",NULL,NULL
"市政修完路，剩余沙子未清理干净。","其他工作","领秀苑","2022-10-18 11:50:10",NULL,NULL
"共享单车摆放不到位","其他工作","爱唯大地幼儿园","2022-10-18 12:24:10",NULL,NULL
"居民乱扔垃圾","小区管理","领秀苑","2022-10-18 15:08:09",NULL,NULL
"中间广场店铺门口垃圾乱放","小区管理","天骄苑38栋高层","2022-10-18 15:20:12",NULL,NULL
"共享单车不规范
","街面秩序","俊仕苑","2022-10-18 15:45:29",NULL,NULL
"垃圾屋垃圾乱放","小区管理","俊仕苑","2022-10-18 15:46:08",NULL,NULL
"小区垃圾","小区管理","天骄苑","2022-10-18 22:42:46",NULL,NULL
"小区垃圾","小区管理","天骄苑","2022-10-18 22:44:57",NULL,NULL
"俊仕苑外面马路上有垃圾乱放","小区管理","天骄苑38栋高层","2022-10-19 10:01:29",NULL,NULL
"小商贩占道经营","街面秩序","领秀苑","2022-10-19 17:35:19",NULL,NULL
"共享单车摆放不到位","其他工作","爱唯大地幼儿园","2022-10-19 21:17:50",NULL,NULL
"消防通道占道停车","消防安全","俊仕苑","2022-10-19 21:18:19",NULL,NULL
"垃圾屋垃圾乱丢","小区管理","俊仕苑","2022-10-19 21:19:15",NULL,NULL
"绿化垃圾乱丢","小区管理","领秀苑","2022-10-20 13:06:04",NULL,NULL
"小区绿化垃圾","小区管理","天骄苑","2022-10-20 17:13:23",NULL,NULL
"楼道垃圾","小区管理","天骄苑","2022-10-20 17:14:51",NULL,NULL
"金爵苑垃圾屋门口有垃圾","小区管理","天骄苑38栋高层","2022-10-20 17:18:06",NULL,NULL
"店面晾衣不规范","小区管理","俊仕苑","2022-10-20 17:25:50",NULL,NULL
"店面晾衣不规范","小区管理","俊仕苑","2022-10-20 17:25:50",NULL,NULL
"共享单车不规范","街面秩序","俊仕苑","2022-10-20 17:26:57",NULL,NULL
"共享单车摆放不到位","其他工作","爱唯大地幼儿园","2022-10-20 18:15:45",NULL,NULL
"路面共享单车乱停放","街面秩序","金爵苑","2022-10-21 08:51:50",NULL,NULL
"店面垃圾未清理。","街面秩序","金爵苑","2022-10-21 10:38:15",NULL,NULL
"共享单车乱停放","其他工作","爱唯大地幼儿园","2022-10-21 11:00:19",NULL,NULL
"30栋楼前面有垃圾","小区管理","天骄苑38栋高层","2022-10-21 11:55:26",NULL,NULL
"居民误时投放垃圾","小区管理","领秀苑","2022-10-21 15:57:09",NULL,NULL
"垃圾未及时清理","小区管理","云顶苑","2022-10-21 17:00:14",NULL,NULL
"垃圾误时投放","小区管理","云顶苑","2022-10-22 10:56:13",NULL,NULL
"各网格立即落实文件要求。下午三点将落实情况汇总报街道卫健办。","其他工作","中天社区","2022-10-23 09:55:34",NULL,NULL
"指挥部通知：各网格辖区重点场所做好防控，务必落实测温扫码戴口罩。","其他工作","中天社区","2022-10-23 09:59:19",NULL,NULL
"指挥部通知：各网格辖区重点场所做好防控，务必落实测温扫码戴口罩。","其他工作","天骄苑","2022-10-23 10:00:04",NULL,NULL
"指挥部通知：各网格辖区重点场所做好防控，务必落实测温扫码戴口罩。","其他工作","领秀苑","2022-10-23 10:00:04",NULL,NULL
"指挥部通知：各网格辖区重点场所做好防控，务必落实测温扫码戴口罩。","其他工作","俊仕苑","2022-10-23 10:00:05",NULL,NULL
"指挥部通知：各网格辖区重点场所做好防控，务必落实测温扫码戴口罩。","其他工作","云顶苑","2022-10-23 10:00:05",NULL,NULL
"指挥部通知：各网格辖区重点场所做好防控，务必落实测温扫码戴口罩。","其他工作","金爵苑","2022-10-23 10:00:05",NULL,NULL
"指挥部通知：各网格辖区重点场所做好防控，务必落实测温扫码戴口罩。","其他工作","爱唯大地幼儿园","2022-10-23 10:00:31",NULL,NULL
"内部通知：所有核酸检测点位的物资已准备到位的社区可立即向陈新华副书记申请医务人员，马上进行核酸检测演练。（信息不得转发）","其他工作","中天社区","2022-10-23 13:43:14",NULL,NULL
"内部通知：所有核酸检测点位的物资已准备到位的社区可立即向陈新华副书记申请医务人员，马上进行核酸检测演练。（信息不得转发）","其他工作","天骄苑","2022-10-23 13:43:42",NULL,NULL
"内部通知：所有核酸检测点位的物资已准备到位的社区可立即向陈新华副书记申请医务人员，马上进行核酸检测演练。（信息不得转发）","其他工作","领秀苑","2022-10-23 13:43:42",NULL,NULL
"内部通知：所有核酸检测点位的物资已准备到位的社区可立即向陈新华副书记申请医务人员，马上进行核酸检测演练。（信息不得转发）","其他工作","俊仕苑","2022-10-23 13:43:43",NULL,NULL
"内部通知：所有核酸检测点位的物资已准备到位的社区可立即向陈新华副书记申请医务人员，马上进行核酸检测演练。（信息不得转发）","其他工作","云顶苑","2022-10-23 13:43:43",NULL,NULL
"内部通知：所有核酸检测点位的物资已准备到位的社区可立即向陈新华副书记申请医务人员，马上进行核酸检测演练。（信息不得转发）","其他工作","金爵苑","2022-10-23 13:43:43",NULL,NULL
"内部通知：所有核酸检测点位的物资已准备到位的社区可立即向陈新华副书记申请医务人员，马上进行核酸检测演练。（信息不得转发）","其他工作","爱唯大地幼儿园","2022-10-23 13:44:06",NULL,NULL
"各社区书记：现下发《金山街道新型冠状病毒感染肺炎疫情防控工作应急指挥部通讯录》，请大家做好人员对接及工作安排。","其他工作","中天社区","2022-10-23 14:54:40",NULL,NULL
"各社区书记：现下发《仓山区重点人员核酸检测频次及分工一览表》，有涉及人群类别一栏的人员均要进行每天一检。","其他工作","中天社区","2022-10-23 15:48:51",NULL,NULL
"请各社区立即到疫情防控指挥部微信群接龙汇报以下核酸事项到位情况：1、点位布置（几个点位、位置及通道数 ）2、医务人员到位情况 3、工作人员到位情况","其他工作","中天社区","2022-10-23 15:50:22",NULL,NULL
"通知：请社区干部合理设置核酸点位布置，发动群众及志愿者做好现场秩序维护工作。","其他工作","中天社区","2022-10-23 15:51:06",NULL,NULL
"各一级网格长：子记书记在区里通过视频查看各检测点情况，请大家做好队伍秩序。","其他工作","中天社区","2022-10-23 18:20:11",NULL,NULL
"各社区（村），本次全员核酸事关重大，前期学生高潮应该差不多了，要开始准备扫楼，漏过一人便是加大一份危险，要确保不漏一人！！！","其他工作","中天社区","2022-10-23 20:44:29",NULL,NULL
"通知：请各社区立即派第一网格长到指挥中心领取对讲机，不可代领。","其他工作","中天社区","2022-10-24 16:02:08",NULL,NULL
"接街道党工委主要领导通知：1.各社区要严格落实一米线距离，充分调动街道下派志愿者的积极性，合理安排做好核酸点位一米线工作，不要让现场志愿者无所事事，避免出现人员扎堆现象。
2.核酸检测队伍长（排队超过30分钟）的社区立即上报郑志鹏同志。
3.各社区要充分调动支援人员负责核酸检测信息采集和现场维护尽量用支援人员，本社区的人员尽量安排做数据摸排。","其他工作","中天社区","2022-10-24 17:07:09",NULL,NULL
"各社区：今晚要做好三轮核酸检测物资储备工作。","其他工作","中天社区","2022-10-25 18:49:32",NULL,NULL
"各一级网格，现下发防疫指挥部通讯录（内部材料，禁止外传），以供查阅使用。","其他工作","中天社区","2022-10-25 20:40:59",NULL,NULL
"请各级网格做好附件通知中的社会面管控工作。","其他工作","中天社区","2022-10-26 14:39:21",NULL,NULL
"通知：下午区里会到各个小区督查无疫小区创建情况、氛围布置等，请各社区书记按照六个有清单督促各个小区做好无疫小区创建相关工作。","其他工作","中天社区","2022-10-27 13:43:04",NULL,NULL
"核酸现场发现多个孩子不戴口罩逗留广场附近玩耍，请相关部门督促两个小区的物业，安排工作人员在现场提醒催促尽快离开。疫情防控期间，核酸人员密集，应该安全第一。","疫情防控","天骄苑","2022-10-27 14:26:50","江*","138*****829"
"通知：各社区请把参加教师资格证考试的名单或相关困难情况报到范良玉处。","其他工作","中天社区","2022-10-28 18:17:49",NULL,NULL
"请网格长依法依规告知群众","其他工作","中天社区","2022-10-29 07:33:30",NULL,NULL
"请网格长依法依规告知群众","其他工作","中天社区","2022-10-29 07:35:55",NULL,NULL
"请网格长发布群众落实。","其他工作","中天社区","2022-10-29 07:37:36",NULL,NULL
"想确认一下这个私人账号发的短信是不是诈骗电话","疫情防控","云顶苑","2022-10-30 19:15:46","黄*芳","137*****771"
"温馨提示：根据市疫情防控工作指挥部要求，全市今天核酸采样时间截止中午12点。为方便广大群众，今早5点在榕城广场，蔚蓝广场，仓山万达广场，鑫龙小广场，欢乐颂等五个点位开始提供采样服务，请大家持“福建健康码”或携带本人有效身份证件，前往参加核酸检测，并落实好佩戴口罩、保持“一米线”距离、不聚集、不交谈等个人防护措施。同心抗疫，感谢有您！（金山街道一线抗疫指挥部）","其他工作","天骄苑","2022-11-01 03:17:18",NULL,NULL
"温馨提示：根据市疫情防控工作指挥部要求，全市今天核酸采样时间截止中午12点。为方便广大群众，今早5点在榕城广场，蔚蓝广场，仓山万达广场，鑫龙小广场，欢乐颂等五个点位开始提供采样服务，请大家持“福建健康码”或携带本人有效身份证件，前往参加核酸检测，并落实好佩戴口罩、保持“一米线”距离、不聚集、不交谈等个人防护措施。同心抗疫，感谢有您！（金山街道一线抗疫指挥部）","其他工作","领秀苑","2022-11-01 03:17:18",NULL,NULL
"温馨提示：根据市疫情防控工作指挥部要求，全市今天核酸采样时间截止中午12点。为方便广大群众，今早5点在榕城广场，蔚蓝广场，仓山万达广场，鑫龙小广场，欢乐颂等五个点位开始提供采样服务，请大家持“福建健康码”或携带本人有效身份证件，前往参加核酸检测，并落实好佩戴口罩、保持“一米线”距离、不聚集、不交谈等个人防护措施。同心抗疫，感谢有您！（金山街道一线抗疫指挥部）","其他工作","俊仕苑","2022-11-01 03:17:18",NULL,NULL
"温馨提示：根据市疫情防控工作指挥部要求，全市今天核酸采样时间截止中午12点。为方便广大群众，今早5点在榕城广场，蔚蓝广场，仓山万达广场，鑫龙小广场，欢乐颂等五个点位开始提供采样服务，请大家持“福建健康码”或携带本人有效身份证件，前往参加核酸检测，并落实好佩戴口罩、保持“一米线”距离、不聚集、不交谈等个人防护措施。同心抗疫，感谢有您！（金山街道一线抗疫指挥部）","其他工作","云顶苑","2022-11-01 03:17:18",NULL,NULL
"温馨提示：根据市疫情防控工作指挥部要求，全市今天核酸采样时间截止中午12点。为方便广大群众，今早5点在榕城广场，蔚蓝广场，仓山万达广场，鑫龙小广场，欢乐颂等五个点位开始提供采样服务，请大家持“福建健康码”或携带本人有效身份证件，前往参加核酸检测，并落实好佩戴口罩、保持“一米线”距离、不聚集、不交谈等个人防护措施。同心抗疫，感谢有您！（金山街道一线抗疫指挥部）","其他工作","金爵苑","2022-11-01 03:17:19",NULL,NULL
"温馨提示：根据市疫情防控工作指挥部要求，全市今天核酸采样时间截止中午12点。为方便广大群众，今早5点在榕城广场，蔚蓝广场，仓山万达广场，鑫龙小广场，欢乐颂等五个点位开始提供采样服务，请大家持“福建健康码”或携带本人有效身份证件，前往参加核酸检测，并落实好佩戴口罩、保持“一米线”距离、不聚集、不交谈等个人防护措施。同心抗疫，感谢有您！（金山街道一线抗疫指挥部）","其他工作","爱唯大地幼儿园","2022-11-01 03:17:36",NULL,NULL
"通知：现下发《金山街道企事业单位新型冠状病毒感染肺炎防控承诺书》，请各社区落实到位。","其他工作","中天社区","2022-11-02 07:19:31",NULL,NULL
"通知：请各社区马上摸排地铁工地传播链（家属等）、南台农贸市场传播链相关人员（商户、消费者等），加强管理，减少流动，做到家和工作单位“两点一线”，形成闭环。用好配置到社区的城管保安，做好流动摊点，店外店巡查。该关停的坚决关停，有需要支援可以报执法组。","其他工作","中天社区","2022-11-02 17:26:00",NULL,NULL
"通知：请各社区马上摸排地铁工地传播链（家属等）、南台农贸市场传播链相关人员（商户、消费者等），加强管理，减少流动，做到家和工作单位“两点一线”，形成闭环。用好配置到社区的城管保安，做好流动摊点，店外店巡查。该关停的坚决关停，有需要支援可以报执法组。","其他工作","天骄苑","2022-11-02 17:28:27",NULL,NULL
"通知：请各社区马上摸排地铁工地传播链（家属等）、南台农贸市场传播链相关人员（商户、消费者等），加强管理，减少流动，做到家和工作单位“两点一线”，形成闭环。用好配置到社区的城管保安，做好流动摊点，店外店巡查。该关停的坚决关停，有需要支援可以报执法组。","其他工作","领秀苑","2022-11-02 17:28:27",NULL,NULL
"通知：请各社区马上摸排地铁工地传播链（家属等）、南台农贸市场传播链相关人员（商户、消费者等），加强管理，减少流动，做到家和工作单位“两点一线”，形成闭环。用好配置到社区的城管保安，做好流动摊点，店外店巡查。该关停的坚决关停，有需要支援可以报执法组。","其他工作","俊仕苑","2022-11-02 17:28:28",NULL,NULL
"通知：请各社区马上摸排地铁工地传播链（家属等）、南台农贸市场传播链相关人员（商户、消费者等），加强管理，减少流动，做到家和工作单位“两点一线”，形成闭环。用好配置到社区的城管保安，做好流动摊点，店外店巡查。该关停的坚决关停，有需要支援可以报执法组。","其他工作","云顶苑","2022-11-02 17:28:28",NULL,NULL
"通知：请各社区马上摸排地铁工地传播链（家属等）、南台农贸市场传播链相关人员（商户、消费者等），加强管理，减少流动，做到家和工作单位“两点一线”，形成闭环。用好配置到社区的城管保安，做好流动摊点，店外店巡查。该关停的坚决关停，有需要支援可以报执法组。","其他工作","金爵苑","2022-11-02 17:28:28",NULL,NULL
"去年物业更换后，整个社区间隔几个月就电梯异常，动用维修基金维修。42号楼 累计已经动用十余万元以上。
首先电梯非人为损坏，维保公司和物业是否具有责任，为何永远是业主在承担，要物业和维保存在的意义是什么？
其次电梯问题是否每次可以有第三方鉴定而非一家之言？
再者维修方案和维修方是否应该由业主自己选择而不是物业自己私下决定。
最后更换物业后电梯大修次数全集中在这一年。物业管理是否失职，失去业主信任是否应该调查。不然明抢无异。
后续还有这类事情发生如何改善，难道一成不变不作为？
","小区管理","天骄苑","2022-11-03 10:16:39","曾*峰","186*****387"
"天骄苑物业是瘫痪了吗？我们都有交物业费，为什么小区基本的卫生都没有得到保障？疫情之下，口罩、垃圾四处可见，电梯也没有消毒？请问哪个部门可以协助处理？","小区管理","天骄苑","2022-11-03 10:40:16","江*","138*****829"
"通知：请各一级网格落实附件中的文件。","其他工作","中天社区","2022-11-03 23:30:48",NULL,NULL
"仓山区金山街道中天社区天骄苑物业太垃圾了，疫情爆发以来，己经有一周没有保洁人员打扫卫生，小区到处都是垃圾，实在让人无语，这种物业也太不负责任了，请求相关部门能够帮忙协调督促下，尽快安排人员搞好小区卫生，疫情防控人人有责，更应落到实处，搞好小区卫生","小区管理","天骄苑","2022-11-04 07:24:51","许亚东",13850114100
"天骄苑小区垃圾满天飞，回复人手不足这个就是借口，业主调查过了，保洁员工资已被拖欠4个月了，物业的责任为啥要业主买单！！！恳请相关部门好好整顿整顿","小区管理","天骄苑","2022-11-04 09:25:51","张","158*****137"
"因天骄苑物业协调不到位，导致已经一个星期没有保洁做卫生，物业给的回复是“保洁被封控”，但业主找保洁人员了解到的是“因物业拖欠4个月保洁款，导致保洁公司无力支付保洁人员的工资”，肯请街道协调处理，疫情期间的卫生很重要！","小区管理","天骄苑","2022-11-04 09:32:27","蔡*士","138*****856"
"小区卫生好久都没做了，物业不作为，反应了好久了都没得到处理","小区管理","天骄苑","2022-11-04 09:34:44","林*","139*****021"
"桔园二路与金桔路交叉口非法从事江西烤串","疫情防控","天骄苑","2022-11-04 19:04:14","许由锋",13305910118
"小麦房产没有关闭","疫情防控","天骄苑","2022-11-04 19:33:52","周*豪","158*****432"
"余氏门窗没有戴口罩","疫情防控","天骄苑","2022-11-04 20:38:34","周佳豪",15892958432
"桔园三路一嘉便利店没戴口罩","疫情防控","天骄苑","2022-11-04 20:39:10","许由锋",13305910118
"车必达汽车维修中心没有企业张贴码","疫情防控","天骄苑","2022-11-04 20:42:26","周佳豪",15892958432
"恒斌汽车服务中心没有企业张贴吗","疫情防控","天骄苑","2022-11-04 20:44:44","周佳豪",15892958432
"发现没有戴口罩","疫情防控","天骄苑","2022-11-04 20:49:15","许由锋",13305910118
"乐童文具没有体温枪，没有消毒水","疫情防控","领秀苑","2022-11-04 20:50:28","周佳豪",15892958432
"发现理发店没有停业","疫情防控","天骄苑","2022-11-04 20:51:03","许由锋",13305910118
"万比万便利","疫情防控","领秀苑","2022-11-04 20:51:26","周佳豪",15892958432
"市也面包商店没有企业张贴吗","疫情防控","俊仕苑","2022-11-04 20:58:57","周佳豪",15892958432
"市也面包商店没有企业张贴吗","疫情防控","俊仕苑","2022-11-04 20:59:01","周佳豪",15892958432
"万国酒行店内人员没有载口罩，没有张帖企业行程码","疫情防控","俊仕苑","2022-11-04 21:02:18","许由锋",13305910118
"古岸花店没有企业张贴码","疫情防控","俊仕苑","2022-11-04 21:04:01","许由锋",13305910118
"邦纳福干洗店没有企业张贴码","疫情防控","俊仕苑","2022-11-04 21:05:08","许由锋",13305910118
"10元快剪没有关门","疫情防控","俊仕苑","2022-11-04 21:06:18","许由锋",13305910118
"MSPIN店员没有戴口罩","疫情防控","领秀苑","2022-11-04 21:07:54","许由锋",13305910118
"MSPIN旁女装店员工没有戴口罩","疫情防控","俊仕苑","2022-11-04 21:09:04","许由锋",13305910118
"大地幼儿园门口摆烧烤摊","疫情防控","天骄苑","2022-11-04 21:12:21","许由锋",13305910118
"天骄苑业主进小区没有戴口罩","疫情防控","天骄苑","2022-11-04 21:15:34","许由锋",13305910118
"天骄苑百果园没有企业张贴码及必备防疫物资","疫情防控","天骄苑","2022-11-04 21:17:45","许由锋",13305910118
"店牌广告设置不规范","疫情防控","天骄苑","2022-11-04 23:02:33","林*生","139*****902"
"各网格：请全面摸排辖区内近期有市二医院工作、就诊、探病、陪护、服务、施工等逗留史人员，并严格落实三天三检居家管控措施。","其他工作","中天社区","2022-11-07 13:28:12",NULL,NULL
"各网格长，请督促物业加强小区保安管理，要求保安人员就地居住，不出小区。并做好辖区单位沟通，要求各单位加强保安人员管理，限制人员流动，做好健康码和24小时核酸查验收集。【市纪委督办】","其他工作","中天社区","2022-11-07 15:49:35",NULL,NULL
"各网格长，请督促物业加强小区保安管理，要求保安人员就地居住，不出小区。并做好辖区单位沟通，要求各单位加强保安人员管理，限制人员流动，做好健康码和24小时核酸查验收集。【领导督办】","其他工作","中天社区","2022-11-07 16:03:53",NULL,NULL
"福州市新型冠状病毒感染肺炎疫情防控工作应急指挥部通告〔2022〕第10号

鉴于疫情防控需要，决定继续在我市部分区县开展区域全员核酸检测，继续强化核酸查验和重点场所管理，延长居家办公时间。现将有关事项通告如下：
一、继续在部分区县开展区域全员核酸检测
1.11月8日至11月11日：鼓楼区、台江区、仓山区、晋安区、高新区、闽侯县（青口、尚干、祥谦、南通、上街、荆溪镇；甘蔗街道；竹岐乡所属的9个平原村)开展区域全员核酸检测。11月11日，闽侯县所有乡镇街道开展区域全员核酸检测。
2.连江县（11月8日），长乐区（11月9日），闽清县、永泰县（11月10日），马尾区、罗源县（11月11日）开展区域全员核酸检测。
3.采样时间：2022年11月8日—11月11日，每天上午6:00—12:00。
二、继续强化核酸查验和场所码应用
（一）非必要不离榕，区域全员核酸期间确需离榕的须持24小时核酸检测阴性证明。
（二）全市各级各类机关企事业单位、公共场所、建筑工地、工厂等，严格查验进入人员24小时内核酸检测阴性证明。各类公共场所须将场所码张贴于入口醒目位置，进入人员须主动扫场所码。各类场所要安排专人认真查验进入人员“扫码通行”、24小时内核酸检测阴性证明等信息，做到逢进必扫、逢扫必验、不漏一人，落实不到位的不得开放或营业。
（三）居民小区严格查验进出人员24小时内核酸检测阴性证明。
三、继续强化重点场所管理
（一）继续暂停开放人员密集场所。
1.娱乐场所(含游艺厅、歌舞厅等)、KTV、酒吧、网吧、剧本杀、密室逃脱、洗浴、足浴、温泉、SPA、推拿、盲人推拿、美容美发、体育场馆、健身房、茶馆、棋牌室、麻将馆、公共图书馆、文化馆(站)、博物馆、美术馆、剧院、电影院、宗教活动场所、民间信仰场所等室内公共场所暂停营业或暂停开放。
2.景区、公园附属娱乐设施及室内场所暂停营业。
3.宾馆、酒店、民宿、咖啡厅、奶茶店、餐馆等场所暂停堂食；宾馆、酒店、民宿等住宿场所堂食仅限对入住人员开放，各机关企事业单位食堂可对内部人员开放。
4.各类文体、商贸、会议、展览、庆典、集会、培训等线下聚集活动暂停举办。校外培训机构暂时关停。
（二）养老院、护理院、儿童福利机构和监管场所实施封闭管理。
（三）商场、超市、农贸市场等民生保供单位正常营业，严格落实扫场所码、查健康码、戴口罩、一米线、通风消毒等常态化防控措施。
四、继续提倡居家办公
11月8日—11月11日，全市商业写字楼宇、办公型企业员工尽量实行居家办公。福州市各级党政机关、事业单位全体干部职工，除承担疫情防控、安全生产、应急抢险、城市运行保障、值班值守等必需紧要任务的人员外，全部居家办公。鼓励居家办公人员积极参与所在社区组织的各类疫情防控志愿活动。
要全面落实属地、部门、单位、个人“四方责任”，对拒不执行疫情防控规定的，将依法依规追究责任。
本通告于11月8日—11月11日施行，市疫情防控应急指挥部将根据我市疫情形势适时调整。

福州市新型冠状病毒感染肺炎
疫情防控工作应急指挥部
2022年11月7日","其他工作","中天社区","2022-11-07 20:37:14",NULL,NULL
"以下为今晚省市有关会议精神，请各镇街、各支援队、各工作组做好未参会人员的传达工作。请各镇街转告各支援队。发送给大家，请各网格长抓好贯彻落实！","其他工作","中天社区","2022-11-07 23:52:21",NULL,NULL
1111111111,"","金爵苑","2022-11-08 20:13:51","林*蝶","132*****009"
"接区委办通知：以下为昨晚省市有关会议精神，请各镇街、各支援队、各工作组做好未参会人员的传达工作。请各镇街转告各支援队。","其他工作","中天社区","2022-11-09 08:18:49",NULL,NULL
"申请尽快解封，自2022年10月31号凌晨开始，到11月9日，整整10天了，属于低风险区域的我们已全员被封控起来，按疫情防控政策，我们积极配合，已完成了10几轮的核酸检测 结果均成阴性 可是小区并没有区分楼栋管控 把我们整个小区几千户一万多人一并封控，严重影响人民群众正常的生活和工作，请有关部门及领导尽快审核处理，尽快解封，恢复人民群众正常生活和工作）","疫情防控","金爵苑","2022-11-09 12:33:09","黄*元","139*****067"
"请各个一级网格和二级网格负责同志，即刻起，各小区严格查验，不允许外来人口入内。请严格执行。","其他工作","中天社区","2022-11-09 21:09:45",NULL,NULL
"以下为今晚省市有关会议精神，请各一级网格长做好传达工作。","其他工作","中天社区","2022-11-10 08:00:03",NULL,NULL
"看病问题，我妈妈头晕头痛，但是金爵苑中风险，点对点只能去市二，但是市二也是封控区，我已经在市二能做的检查都做了，现在有的检查项目没法做，能否申请转院治疗？","疫情防控","金爵苑","2022-11-10 11:42:04","林*","189*****862"
"请各个一级网格发一些支援队伍做的好的照片文字，限两张照片。发到“市直、福清、罗源干部支援金山街道”群。","其他工作","中天社区","2022-11-10 19:49:53",NULL,NULL
"通知：各网格长，现下发今晚省市有关会议精神，请各网格长做好学习传达工作。","其他工作","中天社区","2022-11-10 23:32:22",NULL,NULL
"由各镇街负责，用好晚上、凌晨等关键时间，加强对辖区内中高风险区、道路卡口、小区门口等重点部位的督查巡查，进一步强化防控工作落实。","其他工作","中天社区","2022-11-11 15:50:29",NULL,NULL
"请确认回复一下、现在天骄苑是否有禁止家里装修？","小区管理","天骄苑","2022-11-11 23:29:16","陈","181*****310"
"现下发11月11日晚省市县疫情防控视频会商会精神，请各一级网格长做好传达工作。","其他工作","中天社区","2022-11-12 00:35:22",NULL,NULL
"11月14号已经复工复课了，为什么天骄苑还不让装修施工？","小区管理","天骄苑","2022-11-13 09:44:53","陈",18105907310
"现在是疫情期间，天骄苑东门的垃圾屋管理混乱，新垃圾屋于9月投入使用，旧垃圾屋迟迟不折除，造成天骄苑东门现在有两个垃圾屋，不但影响小区美观，有些人垃圾乱扔在旧垃圾屋，卫生又没有及时清洁，请求相关部门协调物业处理拆除旧垃圾屋了","小区管理","天骄苑","2022-11-13 12:42:25","许亚东",13850114100
"现下发11月13日晚省市县疫情防控视频会商会精神，请各一级网格长做好传达工作。","其他工作","中天社区","2022-11-14 08:30:33",NULL,NULL
"现下发今晚全市疫情防控工作视频会议精神，请各一级网格长做好传达工作。","其他工作","中天社区","2022-11-14 22:17:53",NULL,NULL
"现下发《转发关于调整省外疫情重点地区入（返）榕人员健康管理措施的通知》，请各一级网格长按文件要求抓好贯彻落实。","其他工作","中天社区","2022-11-15 10:03:10",NULL,NULL
"中天社区天骄苑 还不允许装修？11月17号、政府都通知复工复课了，凭什么社区物业不让业主装修？","其他工作","天骄苑","2022-11-16 09:17:38","陈","181*****310"
"请各二级网格学习图片中的做法，做到核酸检测人员台账清晰。","其他工作","天骄苑","2022-11-16 15:17:28",NULL,NULL
"请各二级网格学习图片中的做法，做到核酸检测人员台账清晰。","其他工作","领秀苑","2022-11-16 15:17:28",NULL,NULL
"请各二级网格学习图片中的做法，做到核酸检测人员台账清晰。","其他工作","俊仕苑","2022-11-16 15:17:28",NULL,NULL
"请各二级网格学习图片中的做法，做到核酸检测人员台账清晰。","其他工作","云顶苑","2022-11-16 15:17:29",NULL,NULL
"请各二级网格学习图片中的做法，做到核酸检测人员台账清晰。","其他工作","金爵苑","2022-11-16 15:17:29",NULL,NULL
"通知：各一级网格长请行业部门立即动起来，查查商超公司企业等员工的核酸检测情况，要以网格为单位进行地毯式排查。","其他工作","中天社区","2022-11-17 08:52:45",NULL,NULL
"各社区，“问需金山”的“居民健康信息上报后台”已更新，各社区、物业可通过二维码实时查询住户填报情况（登录账号为手机号，密码为88888888）。具体功能要求资讯可联系：问需金山公司邢晓凡，联系方式13763836233。","其他工作","中天社区","2022-11-18 10:59:29",NULL,NULL
"接区通知，各社区（村）二级网格员需建立五小行业台账，“五小行业”指小理发店、小旅馆、小歌舞厅、小浴室、小网吧。各社区（村）报送除“五小行业”外其他行业商户落实疫情防控检查情况，于11月21日下午下班前发到1986381138@qq·com邮箱。","其他工作","中天社区","2022-11-20 11:34:51",NULL,NULL
"请网格长转发卡口检查人员，健康码页面现可查当日是否做了核酸，为查验利器，具体操作见附件。","其他工作","天骄苑","2022-11-20 15:35:32",NULL,NULL
"请网格长转发卡口检查人员，健康码页面现可查当日是否做了核酸，为查验利器，具体操作见附件。","其他工作","领秀苑","2022-11-20 15:35:32",NULL,NULL
"请网格长转发卡口检查人员，健康码页面现可查当日是否做了核酸，为查验利器，具体操作见附件。","其他工作","俊仕苑","2022-11-20 15:35:32",NULL,NULL
"请网格长转发卡口检查人员，健康码页面现可查当日是否做了核酸，为查验利器，具体操作见附件。","其他工作","云顶苑","2022-11-20 15:35:32",NULL,NULL
"请网格长转发卡口检查人员，健康码页面现可查当日是否做了核酸，为查验利器，具体操作见附件。","其他工作","金爵苑","2022-11-20 15:35:32",NULL,NULL
"【通知】： 现将福州市落实创建“无疫社区”专项工作领导小组办公室的数据监管平台《重点人群核酸系统录入情况分析报告》转发给大家，请各社区（村）抓紧对照“五小行业”关联的重点人群录入情况，推进督促相关行业重点人群的录入，并做好重点人员健康监测。根据“五小行业”专项工作领导小组部署，各社区（村）明天起自行开展督查，将各自督查情况，图片，及整改情况反馈于明天上午12点前1986381138@qq.com。收到请回复。","其他工作","中天社区","2022-11-20 22:12:31",NULL,NULL
"按照区委主要领导指示精神，请各个包社区（村）科级干部牵头、各个一级、二级网格长负责，检查所有店面工作人员24小时核酸检测阴性报告，不漏一人。","其他工作","中天社区","2022-11-26 17:01:46",NULL,NULL
"通知：请各网格落实重点行业人员核酸检测情况。","其他工作","中天社区","2022-11-28 15:16:33",NULL,NULL
"各网格：公共场所分批有序开放的公告已发，请各级网格按照通知要求落实摸排督促核酸和场所疫情防控措施。为了守住不发生聚集性疫情的底线，对于卫生环境差、人员扎堆、扫码不规范的小型农贸市场、便民市场仍需关闭，请各网格做好排查管控，开启前需报指挥部审批。请做好落实，发现问题及时当场制止，执法组接到社区的配合要求，要第一时间响应并到现场共同管控到位。

仓山区新型冠状病毒感染肺炎疫情防控工作应急指挥部通告（2022年第126号）

为统筹推动疫情防控和经济社会发展，决定分批有序开放重点公共场所，现通告如下：
一、分批有序开放重点公共场所安排
自11月30日起，仓山区分批有序开放部分重点公共场所：
（一）美容美发、体育场馆、健身房、茶馆等公共场所恢复营业。
（二）公共图书馆、文化馆(站)、博物馆、美术馆等室内公共场所有序开放，接待量不超过最大接待量50%。
（三）宾馆、酒店、民宿、咖啡厅、奶茶店、餐馆等场所有序恢复营业，接待量不超过最大接待量50%。
（四）景区、公园附属娱乐设施及室内场所有序开放，并要采取错峰、限流等措施控制人流量。
（五）商场、超市、农贸市场等民生保供单位正常营业。
（六）娱乐场所(含游艺厅、歌舞厅等)、KTV、酒吧、网吧、剧本杀、密室逃脱、洗浴、足浴、温泉、SPA、推拿、盲人推拿、棋牌室、麻将馆、剧院、电影院、宗教活动场所、民间信仰场所等室内公共场所继续暂停营业或暂停开放，具体开放或营业时间另行研究确定。
（七）养老院、护理院、儿童福利机构和监管场所继续实施封闭管理。
二、严格履行主体责任
上述开放的公共场所经营管理方要认真履行防控措施主体责任，全面落实测体温、查验72小时内核酸检测阴性证明、扫场所码、戴口罩等防疫措施，严禁接待健康码红码、黄码人员和7天内有高风险区旅居史人员，发现上述人员要及时报告所在社区（村居）。
三、严格落实从业人员核酸检测
上述公共场所从业人员须持48小时内核酸检测阴性证明方可上岗，上岗后落实2天1检的定期核酸检测措施。同时要强化场所清洁通风消毒，强化工作人员健康管理和防控知识培训。
四、严格落实监管责任
各镇街和区直各行业主管部门要切实履行属地管理和行业管理责任，加大对各类重点公共场所疫情防控工作的指导监管力度，定期开展巡查检查，督促各经营单位严格落实常态化疫情防控措施。凡未达到要求的经营单位，一律不得恢复营业和开放。
本通告自发布之日起执行，后续将根据疫情防控形势动态调整。

仓山区新型冠状病毒感染肺炎
疫情防控工作应急指挥部
2022年11月30日","其他工作","中天社区","2022-11-30 12:48:05",NULL,NULL
"请各二级网格严格落实非星级酒店疫情防控工作职责","其他工作","天骄苑","2022-12-02 19:36:00",NULL,NULL
"请各二级网格严格落实非星级酒店疫情防控工作职责","其他工作","领秀苑","2022-12-02 19:36:00",NULL,NULL
"请各二级网格严格落实非星级酒店疫情防控工作职责","其他工作","俊仕苑","2022-12-02 19:36:00",NULL,NULL
"请各二级网格严格落实非星级酒店疫情防控工作职责","其他工作","云顶苑","2022-12-02 19:36:01",NULL,NULL
"请各二级网格严格落实非星级酒店疫情防控工作职责","其他工作","金爵苑","2022-12-02 19:36:01",NULL,NULL
"现下发《非星级酒店疫情防控工作职责》，请一级网格长按照要求抓好落实。","其他工作","中天社区","2022-12-04 11:50:01",NULL,NULL
"金山街道卫生院什么时候可以就诊开药？我高血压病已经断药很久了！再不开门影响很大的！望街道领导合理安排为盼！","其他工作","天骄苑","2022-12-04 12:53:21","张*仁","136*****512"
"金桔路364号彭世修脚房疫情防控不能营业，该店已经违规营业三天，影响恶劣，希望有关部门严肃处理","其他工作","天骄苑","2022-12-05 12:43:44","黄*","137*****439"
"桔园四路142号陕西修脚店疫情防控期间违规营业，影响恶劣，希望有关部门严肃处理","其他工作","金爵苑","2022-12-05 12:54:13","黄*","137*****439"
"金桔路364号彭世修脚店疫情期间违规营业，且多次投诉完关停一会儿又开了，希望有关部门严肃处理","其他工作","金爵苑","2022-12-07 13:25:40","黄*","137*****439"
"小区外卖何时可以送上楼？公司都可以了！","其他工作","金爵苑","2022-12-07 15:31:35","郭*玲","195*****125"
"工作通知:为助推冬春火灾防控工作，请各社区（村）积极发动辖区社区、网格员、居民完成注册全民消防学习平台，特别是今年来有发生过火灾的社区，小区要做到应注册应学习，此项工作列入本年度消防工作考核，也是日常督导重点。","其他工作","中天社区","2022-12-14 09:27:40",NULL,NULL
"请各网格落实重点行业从业人员核酸要求。","其他工作","中天社区","2022-12-14 21:14:57",NULL,NULL
